,Ticker symbol,Security,SEC filings,GICS Sector,GICS Sub Industry,Address of Headquarters,Date first added,CIK,Market Cap,Volume Avg,Sector ID,Sector,IDs,Sub-industry
,MMM,3M Company,reports,Industrials,Industrial Conglomerates,"St. Paul, Minnesota",,66740,103082299964,2589261,6,Consumer Discretionary,1,Advertising
,ABT,Abbott Laboratories,reports,Health Care,Health Care Equipment & Services,"North Chicago, Illinois",,1800,67399190010,5273154,5,Consumer Staples,2,Aerospace & Defense
,ABBV,AbbVie,reports,Health Care,Pharmaceuticals,"North Chicago, Illinois",12/31/2012,1551152,96164819975,7731448,5,Energy,3,Agricultural Products
,ACE,ACE Limited,reports,Financials,Property & Casualty Insurance,"Zurich, Switzerland",,896159,35814390021,1367010,4,Financials,4,Air Freight & Logistics
,ACN,Accenture plc,reports,Information Technology,IT Consulting & Services,"Dublin, Ireland",,1467373,55837659999,2952152,7,Health Care,5,Airlines
,ACT,Actavis plc,reports,Health Care,Pharmaceuticals,"Dublin, Ireland",,884629,72723574800,2481596,5,Industrials,6,Alternative Carriers
,ADBE,Adobe Systems Inc,reports,Information Technology,Application Software,"San Jose, California",,796343,35699220028,2554889,7,Information Technology,7,Aluminum
,ADT,ADT Corp,reports,Industrials,Diversified Commercial Services,"Boca Raton, Florida",10/1/2012,1546640,5887636010,2302575,6,Materials,8,Apparel Retail
,AES,AES Corp,reports,Utilities,Electric Utilities,"Arlington, Virginia",,874761,8713427003,5847319,10,Telecommunications Services,9,"Apparel, Accessories & Luxury Goods"
,AET,Aetna Inc,reports,Health Care,Managed Health Care,"Hartford, Connecticut",6/30/1976,1122304,32293090036,2135694,5,Utilities,10,Application Software
,AFL,AFLAC Inc,reports,Financials,Life & Health Insurance,"Columbus, Georgia",,4977,25719480015,2024156,4,,11,Asset Management & Custody Banks
,AMG,Affiliated Managers Group Inc,reports,Financials,Asset Management & Custody Banks,"Beverly, Massachusetts",7/1/2014,1004434,11421279962,450002,4,,,Auto Parts & Equipment
,A,Agilent Technologies Inc,reports,Health Care,Health Care Equipment & Services,"Santa Clara, California",,1090872,12665100007,2448003,5,,,Automobile Manufacturers
,GAS,AGL Resources Inc.,reports,Utilities,Gas Utilities,"Atlanta, Georgia",,1004155,6741525980,709185,10,,,Banks
,APD,Air Products & Chemicals Inc,reports,Materials,Industrial Gases,"Allentown, Pennsylvania",4/30/1985,2969,31163749957,1146137,8,,,Biotechnology
,ARG,Airgas Inc,reports,Materials,Industrial Gases,"Radnor, Pennsylvania",,804212,8414436050,316793,8,,,Brewers
,AKAM,Akamai Technologies Inc,reports,Information Technology,Internet Software & Services,"Cambridge, Massachusetts",,1086222,10670739996,1287899,7,,,Broadcasting & Cable TV
,AA,Alcoa Inc,reports,Materials,Aluminum,"New York, New York",,4281,19040789993,19476955,8,,,Building Products
,ALXN,Alexion Pharmaceuticals,reports,Health Care,Biotechnology,"Cheshire, Connecticut",5/24/2012,899866,37287849911,1392612,5,,,Casinos & Gaming
,ATI,Allegheny Technologies Inc,reports,Materials,Diversified Metals & Mining,"Pittsburgh, Pennsylvania",12/31/1978,1018963,3101295010,1293049,8,,,Coal & Consumable Fuels
,ALLE,Allegion,reports,Industrials,Building Products,"Dublin, Ireland",12/2/2013,1579241,5170300985,707893,6,,,Computer & Electronics Retail
,AGN,Allergan Inc,reports,Health Care,Pharmaceuticals,"Irvine, California",2/7/1992,850693,65317250004,2169421,5,,,Computer Hardware
,ADS,Alliance Data Systems,reports,Information Technology,Data Processing & Outsourced Services,"Plano, Texas",,1101215,17159890045,432226,7,,,Computer Storage & Peripherals
,ALL,Allstate Corp,reports,Financials,Property & Casualty Insurance,"Northfield Township, Illinois",,899051,29272249972,2125782,4,,,Construction
,ALTR,Altera Corp,reports,Information Technology,Semiconductors,"San Jose, California",,768251,10131409990,3647970,7,,,Construction & Engineering
,MO,Altria Group Inc,reports,Consumer Staples,Tobacco,"Richmond, Virginia",,764180,104950600022,6653057,2,,,Construction & Farm Machinery & Heavy Trucks
,AMZN,Amazon.com Inc,reports,Consumer Discretionary,Internet Retail,"Seattle, Washington",11/18/2005,1018724,144356200024,4162725,1,,,Construction Materials
,AEE,Ameren Corp,reports,Utilities,Multi-Utilities & Unregulated Power,"St. Louis, Missouri",9/19/1991,1002910,10986500007,1658786,10,,,Consumer Electronics
,AEP,American Electric Power,reports,Utilities,Electric Utilities,"Columbus, Ohio",,4904,30729199994,2490918,10,,,Consumer Finance
,AXP,American Express Co,reports,Financials,Consumer Finance,"New York, New York",6/30/1976,4962,82545869996,5041445,4,,,Data Processing & Outsourced Services
,AIG,"American International Group, Inc.",reports,Financials,Property & Casualty Insurance,"New York, New York",3/31/1980,5272,68413719985,8907275,4,,,Data Processing Services
,AMT,American Tower Corp A,reports,Financials,REITs,"Boston, Massachusetts",,1053507,38437080047,2066941,4,,,Department Stores
,AMP,Ameriprise Financial,reports,Financials,Diversified Financial Services,"Minneapolis, Minnesota",,820027,22876509949,997504,4,,,Distillers & Vintners
,ABC,AmerisourceBergen Corp,reports,Health Care,Health Care Distribution & Services,"Chesterbrook, Pennsylvania",,1140859,20927750003,1913844,5,,,Diversified Chemicals
,AME,Ametek,reports,Industrials,Electrical Components and Equipment,"Berwyn, Pennsylvania",9/20/2013,1037868,11780180010,1293243,6,,,Diversified Commercial Services
,AMGN,Amgen Inc,reports,Health Care,Biotechnology,"Thousand Oaks, California",1/2/1992,318154,118841200020,3619280,5,,,Diversified Financial Services
,APH,Amphenol Corp A,reports,Industrials,Electrical Components & Equipment,"Wallingford, Connecticut",,820313,16621390003,1103244,6,,,Diversified Metals & Mining
,APC,Anadarko Petroleum Corp,reports,Energy,Oil & Gas Exploration & Production,"The Woodlands, Texas",,773910,41402320036,5949150,3,,,Drug Retail
,ADI,"Analog Devices, Inc.",reports,Information Technology,Semiconductors,"Norwood, Massachusetts",,6281,16565439983,1890226,7,,,Electric Utilities
,AON,Aon plc,reports,Financials,Insurance Brokers,"London, United Kingdom",,315293,25998791700,1234148,4,,,Electrical Components & Equipment
,APA,Apache Corporation,reports,Energy,Oil & Gas Exploration & Production,"Houston, Texas",,6769,23556490013,4395328,3,,,Electrical Components and Equipment
,AIV,Apartment Investment & Mgmt,reports,Financials,REITs,"Denver, Colorado",,922864,5827746018,1579176,4,,,Electronic Equipment & Instruments
,AAPL,Apple Inc.,reports,Information Technology,Computer Hardware,"Cupertino, California",11/30/1982,320193,692562600039,56714564,7,,,Environmental Services
,AMAT,Applied Materials Inc,reports,Information Technology,Semiconductor Equipment,"Santa Clara, California",,6951,28851170009,13154771,7,,,Fertilizers & Agricultural Chemicals
,ADM,Archer-Daniels-Midland Co,reports,Consumer Staples,Agricultural Products,"Decatur, Illinois",7/29/1981,7084,30019809994,3748378,2,,,Food Distributors
,AIZ,Assurant Inc,reports,Financials,Multi-line Insurance,"New York, New York",,1267238,4461897028,489096,4,,,Food Retail
,T,AT&T Inc,reports,Telecommunications Services,Integrated Telecommunications Services,"Dallas, Texas",11/30/1983,732717,170755999985,26178068,9,,,Gas Utilities
,ADSK,Autodesk Inc,reports,Information Technology,Application Software,"San Rafael, California",12/1/1989,769397,12595540009,1448226,7,,,General Merchandise Stores
,ADP,Automatic Data Processing,reports,Information Technology,Internet Software & Services,"Roseland, New Jersey",3/31/1981,8670,40661490025,2052167,7,,,Gold
,AN,AutoNation Inc,reports,Consumer Discretionary,Specialty Stores,"Fort Lauderdale, Florida",,350698,6745634010,831679,1,,,Health Care Distribution & Services
,AZO,AutoZone Inc,reports,Consumer Discretionary,Specialty Stores,"Memphis, Tennessee",,866787,19041689898,276583,1,,,Health Care Distributors & Services
,AVGO,Avago Technologies,reports,Information Technology,Semiconductors,"San Jose, California",5/8/2014,1441634,27200470046,1986531,7,,,Health Care Equipment & Services
,AVB,"AvalonBay Communities, Inc.",reports,Financials,REITs,"Arlington, Virginia[2]",,915912,22836070008,788054,4,,,Health Care Facilities
,AVY,Avery Dennison Corp,reports,Materials,Paper Packaging,"Glendale, California",12/31/1987,8818,4761851977,884800,8,,,Health Care Supplies
,AVP,Avon Products,reports,Consumer Staples,Personal Products,"New York, New York",6/30/1967,8868,3364235003,12317718,2,,,Home Furnishings
,BHI,Baker Hughes Inc,reports,Energy,Oil & Gas Equipment & Services,"Houston, Texas",,808362,25086419984,4978564,3,,,Home Improvement Retail
,BLL,Ball Corp,reports,Materials,Metal & Glass Containers,"Broomfield, Colorado",10/31/1984,9389,8671267978,720161,8,,,Homebuilding
,BAC,Bank of America Corp,reports,Financials,Banks,"Charlotte, North Carolina",6/30/1976,70858,159378000002,95905745,4,,,"Hotel, Resorts and Cruise Lines"
,BK,The Bank of New York Mellon Corp.,reports,Financials,Banks,"New York, New York",,1390777,41121000000,5194026,4,,,"Hotels, Resorts & Cruise Lines"
,BCR,Bard (C.R.) Inc.,reports,Health Care,Health Care Equipment & Services,"Murray Hill, New Jersey",6/30/1975,9892,12809930043,518500,5,,,Household Appliances
,BAX,Baxter International Inc.,reports,Health Care,Health Care Equipment & Services,"Deerfield, Illinois",9/30/1972,10456,38106480013,2675397,5,,,Household Products
,BBT,BB&T Corporation,reports,Financials,Banks,"Winston-Salem, North Carolina",,92230,25433430010,4034344,4,,,Housewares & Specialties
,BDX,Becton Dickinson,reports,Health Care,Health Care Equipment & Services,"Franklin Lakes, New Jersey",9/30/1972,10795,28196000029,1164858,5,,,Hypermarkets & Super Centers
,BBBY,Bed Bath & Beyond,reports,Consumer Discretionary,Specialty Stores,"Union, New Jersey",,886158,14263469997,3126411,1,,,Industrial Conglomerates
,BRK.B,Berkshire Hathaway,reports,Financials,Multi-Sector Holdings,"Omaha, Nebraska",,1067983,354630699988,4281164,4,,,Industrial Gases
,BBY,Best Buy Co. Inc.,reports,Consumer Discretionary,Computer & Electronics Retail,"Richfield, Minnesota",,764478,12346750015,6944289,1,,,Industrial Machinery
,BIIB,BIOGEN IDEC Inc.,reports,Health Care,Biotechnology,"Weston, Massachusetts",,875045,83421900084,1831213,5,,,Industrial Materials
,BLK,BlackRock,reports,Financials,Diversified Financial Services,"New York, New York",,1364742,56838560093,526754,4,,,Insurance Brokers
,HRB,Block H&R,reports,Financials,Consumer Finance,"Kansas City, Missouri",11/30/1986,12659,9432765012,2002081,4,,,Integrated Oil & Gas
,BA,Boeing Company,reports,Industrials,Aerospace & Defense,"Chicago, Illinois",,12927,103638699960,4870249,6,,,Integrated Telecommunications Services
,BWA,BorgWarner,reports,Consumer Discretionary,Auto Parts & Equipment,"Auburn Hills, Michigan",12/16/2011,908255,12280450023,2106468,1,,,Internet Retail
,BXP,Boston Properties,reports,Financials,REITs,"Boston, Massachusetts",,1037540,21250249931,799227,4,,,Internet Software & Services
,BSX,Boston Scientific,reports,Health Care,Health Care Equipment & Services,"Marlborough, Massachusetts[3]",,885725,19645310007,11874186,5,,,IT Consulting & Services
,BMY,Bristol-Myers Squibb,reports,Health Care,Health Care Distributors & Services,"New York, New York",,14272,99974459992,6588915,5,,,Leisure Products
,BRCM,Broadcom Corporation,reports,Information Technology,Semiconductors,"Irvine, California",,1054374,24455520016,4429015,7,,,Life & Health Insurance
,BF.B,Brown-Forman Corporation,reports,Consumer Staples,Distillers & Vintners,"Louisville, Kentucky",10/31/1982,14693,18776710037,517738,2,,,Managed Health Care
,CHRW,C. H. Robinson Worldwide,reports,Industrials,Air Freight & Logistics,"Eden Prairie, Minnesota",,1043277,10713110005,1658621,6,,,Metal & Glass Containers
,CA,"CA, Inc.",reports,Information Technology,Systems Software,"Islandia, New York",7/31/1987,356028,13210800001,3411313,7,,,Motorcycle Manufacturers
,CVC,Cablevision Systems Corp.,reports,Consumer Discretionary,Broadcasting & Cable TV,"Bethpage, New York",,1053112,5177079999,2862566,1,,,Multi-line Insurance
,COG,Cabot Oil & Gas,reports,Energy,Oil & Gas Exploration & Production,"Houston, Texas",,858470,10945030000,7245473,3,,,Multi-Sector Holdings
,CAM,Cameron International Corp.,reports,Energy,Oil & Gas Equipment & Services,"Houston, Texas",,941548,8841635983,3175964,3,,,Multi-Utilities & Unregulated Power
,CPB,Campbell Soup,reports,Consumer Staples,Packaged Foods & Meats,"Camden, New Jersey",,16732,14332289998,1528945,2,,,Networking Equipment
,COF,Capital One Financial,reports,Financials,Consumer Finance,"Tysons Corner, Virginia",,927628,40514409979,3211467,4,,,Office Services & Supplies
,CAH,Cardinal Health Inc.,reports,Health Care,Health Care Distributors & Services,"Dublin, Ohio",,721371,27532689990,1741112,5,,,Oil & Gas Drilling
,CFN,Carefusion,reports,Health Care,Health Care Equipment & Services,"San Diego, California[4]",,1457543,12109090028,2199106,5,,,Oil & Gas Equipment & Services
,KMX,Carmax Inc,reports,Consumer Discretionary,Specialty Stores,"Richmond, Virginia",,1170010,13041719977,1945270,1,,,Oil & Gas Exploration & Production
,CCL,Carnival Corp.,reports,Consumer Discretionary,"Hotels, Resorts & Cruise Lines","Miami, Florida",,815097,34364510010,4651752,1,,,Oil & Gas Refining & Marketing & Transportation
,CAT,Caterpillar Inc.,reports,Industrials,Construction & Farm Machinery & Heavy Trucks,"Peoria, Illinois",,18230,48413749972,7265020,6,,,Packaged Foods & Meats
,CBG,CBRE Group,reports,Financials,Real Estate Management & Development,"Los Angeles, California",,1138118,10764919995,1955351,4,,,Paper Packaging
,CBS,CBS Corp.,reports,Consumer Discretionary,Broadcasting & Cable TV,"New York, New York",9/1/1994,813828,28512759979,6076838,1,,,Paper Products
,CELG,Celgene Corp.,reports,Health Care,Biotechnology,"Summit, New Jersey",,816284,96539379952,5977160,5,,,Personal Products
,CNP,CenterPoint Energy,reports,Utilities,Multi-Utilities & Unregulated Power,"Houston, Texas",7/31/1985,1130310,9923984995,3569317,10,,,Pharmaceuticals
,CTL,CenturyLink Inc,reports,Telecommunications Services,Integrated Telecommunications Services,"Monroe, Louisiana",,18926,21213120011,2877075,9,,,Property & Casualty Insurance
,CERN,Cerner,reports,Health Care,Health Care Distributors & Services,"North Kansas City, Missouri",,804753,22974250018,1192178,5,,,Publishing
,CF,CF Industries Holdings Inc,reports,Materials,Fertilizers & Agricultural Chemicals,"Deerfield, Illinois",,1324404,15188139894,736541,8,,,Railroads
,SCHW,Charles Schwab Corporation,reports,Financials,Diversified Financial Services,"San Francisco, California",,316709,33923879997,7418869,4,,,Real Estate Management & Development
,CHK,Chesapeake Energy,reports,Energy,Integrated Oil & Gas,"Oklahoma City, Oklahoma",,895126,12756819996,14364169,3,,,REITs
,CVX,Chevron Corp.,reports,Energy,Integrated Oil & Gas,"San Ramon, California",,93410,193825200044,9634434,3,,,Research & Consulting Services
,CMG,Chipotle Mexican Grill,reports,Consumer Discretionary,Restaurants,"Denver, Colorado",,1058090,22014030247,365862,1,,,Residential REITs
,CB,Chubb Corp.,reports,Financials,Property & Casualty Insurance,"Warren, New Jersey",6/30/1976,20171,23086160023,977533,4,,,Restaurants
,CI,CIGNA Corp.,reports,Health Care,Managed Health Care,"Philadelphia, Pennsylvania",6/30/1976,701221,27944450009,1313997,5,,,Retail REITs
,XEC,Cimarex Energy,reports,Energy,Oil & Gas Exploration & Production,"Denver, Colorado",6/21/2014,1168054,9004045966,1478627,3,,,Semiconductor Equipment
,CINF,Cincinnati Financial,reports,Financials,Property & Casualty Insurance,"Fairfield, Ohio",,20286,8485154010,515573,4,,,Semiconductors
,CTAS,Cintas Corporation,reports,Industrials,Diversified Commercial Services,"Mason, Ohio",,723254,9372151022,982990,6,,,Soft Drinks
,CSCO,Cisco Systems,reports,Information Technology,Networking Equipment,"San Jose, California",12/1/1993,858877,139191899999,30439475,7,,,Specialty Chemicals
,C,Citigroup Inc.,reports,Financials,Banks,"New York, New York",5/31/1988,831001,141976800007,21586254,4,,,Specialty Retail
,CTXS,Citrix Systems,reports,Information Technology,Internet Software & Services,"Fort Lauderdale, Florida",,877890,9780581001,1780651,7,,,Specialty Stores
,CLX,The Clorox Company,reports,Consumer Staples,Household Products,"Oakland, California",3/31/1969,21076,13808470015,1025536,2,,,Steel
,CME,CME Group Inc.,reports,Financials,Diversified Financial Services,"Chicago, Illinois",,1156375,29042200029,1518936,4,,,Systems Software
,CMS,CMS Energy,reports,Utilities,Multi-Utilities & Unregulated Power,"Jackson, Michigan",,811156,10419099983,2054664,10,,,Telecommunications Equipment
,COH,Coach Inc.,reports,Consumer Discretionary,"Apparel, Accessories & Luxury Goods","New York, New York",,1116132,10249200015,5121111,1,,,Tires & Rubber
,KO,The Coca Cola Company,reports,Consumer Staples,Soft Drinks,"Atlanta, Georgia",,21344,180329300016,14146636,2,,,Tobacco
,CCE,Coca-Cola Enterprises,reports,Consumer Staples,Soft Drinks,"Atlanta, Georgia",,1491675,10177020018,2103840,2,,,Trading Companies & Distributors
,CTSH,Cognizant Technology Solutions,reports,Information Technology,IT Consulting & Services,"Teaneck, New Jersey",,1058290,33782759984,4024660,7,,,
,CL,Colgate-Palmolive,reports,Consumer Staples,Household Products,"New York, New York",,21665,61537610021,3432049,2,,,
,CMCSA,Comcast Corp.,reports,Consumer Discretionary,Broadcasting & Cable TV,"Philadelphia, Pennsylvania",,1166691,138657400001,13792486,1,,,
,CMA,Comerica Inc.,reports,Financials,Banks,"Dallas, Texas",,28412,7428500000,2480722,4,,,
,CSC,Computer Sciences Corp.,reports,Information Technology,IT Consulting & Services,"Falls Church, Virginia",6/30/1981,23082,8524970986,887324,7,,,
,CAG,ConAgra Foods Inc.,reports,Consumer Staples,Packaged Foods & Meats,"Omaha, Nebraska",8/31/1983,23217,15270329990,2922247,2,,,
,COP,ConocoPhillips,reports,Energy,Oil & Gas Exploration & Production,"Houston, Texas",,1163165,77522889974,9283656,3,,,
,CNX,CONSOL Energy Inc.,reports,Energy,Coal & Consumable Fuels,"Cecil Township, Pennsylvania",,1070412,6663696990,3228269,3,,,
,ED,Consolidated Edison,reports,Utilities,Multi-Utilities & Unregulated Power,"New York, New York",,1047862,20291270029,2133785,10,,,
,STZ,Constellation Brands,reports,Consumer Staples,Distillers & Vintners,"Victor, New York",,16918,21391769963,1529302,2,,,
,GLW,Corning Inc.,reports,Industrials,Construction & Engineering,"Corning, New York",,24741,30469529995,8448546,6,,,
,COST,Costco Co.,reports,Consumer Staples,Hypermarkets & Super Centers,"Issaquah, Washington",10/1/1993,909832,61952539993,1931306,2,,,
,CCI,Crown Castle International Corp.,reports,Financials,REITs,"Houston, Texas",,1051470,28881940024,3364189,4,,,
,CSX,CSX Corp.,reports,Industrials,Railroads,"Jacksonville, Florida",9/30/1967,277948,33146729997,7162986,6,,,
,CMI,Cummins Inc.,reports,Industrials,Industrial Machinery,"Columbus, Indiana",3/31/1965,26172,25478199933,1601597,6,,,
,CVS,CVS Caremark Corp.,reports,Consumer Staples,Drug Retail,"Woonsocket, Rhode Island",,64803,112529000018,4907643,2,,,
,DHI,D. R. Horton,reports,Consumer Discretionary,Construction,"Fort Worth, Texas",,882184,8959758990,7157768,1,,,
,DHR,Danaher Corp.,reports,Industrials,Industrial Machinery,Washington D.C,,313616,58020230006,3118899,6,,,
,DRI,Darden Restaurants,reports,Consumer Discretionary,Restaurants,"Orlando, Florida",,940944,7613940973,1492039,1,,,
,DVA,DaVita Inc.,reports,Health Care,Health Care Facilities,"Denver, Colorado",,927066,16130390023,841834,5,,,
,DE,Deere & Co.,reports,Industrials,Construction & Farm Machinery & Heavy Trucks,"Moline, Illinois",,315189,29171869980,2682677,6,,,
,DLPH,Delphi Automotive,reports,Consumer Discretionary,Auto Parts & Equipment,"Gillingham, Kent, United Kingdom",12/24/2012,1521332,20349540012,2007495,1,,,
,DAL,Delta Air Lines,reports,Industrials,Airlines,"Atlanta, Georgia",9/10/2013,27904,39595700013,10957055,6,,,
,DNR,Denbury Resources Inc.,reports,Energy,Oil & Gas Exploration & Production,"Plano, Texas",,945764,2432682001,12629222,3,,,
,XRAY,Dentsply International,reports,Health Care,Health Care Supplies,"York, Pennsylvania",,818479,7179803977,906472,5,,,
,DVN,Devon Energy Corp.,reports,Energy,Oil & Gas Exploration & Production,"Oklahoma City, Oklahoma",,1090012,24656460020,4316213,3,,,
,DO,Diamond Offshore Drilling,reports,Energy,Oil & Gas Drilling,"Houston, Texas",,949039,4324268999,1659585,3,,,
,DTV,DirecTV,reports,Consumer Discretionary,Broadcasting & Cable TV,"El Segundo, California",,1465112,42629849961,2431485,1,,,
,DFS,Discover Financial Services,reports,Financials,Consumer Finance,"Riverwoods, Illinois",,1393612,24416619990,4192280,4,,,
,DISCA,Discovery Communications-A,reports,Consumer Discretionary,Broadcasting & Cable TV,"Silver Spring, Maryland",,1437107,12883969986,3646267,1,,,
,DISCK,Discovery Communications-C,reports,Consumer Discretionary,Broadcasting & Cable TV,"Silver Spring, Maryland",8/6/2014,1437107,12883970005,2219463,1,,,
,DG,Dollar General,reports,Consumer Discretionary,General Merchandise Stores,"Goodlettsville, Tennessee",12/3/2012,29534,20347739979,5259964,1,,,
,DLTR,Dollar Tree,reports,Consumer Discretionary,General Merchandise Stores,"Chesapeake, Virginia",12/16/2011,935703,14432819979,3600169,1,,,
,D,Dominion Resources,reports,Utilities,Multi-Utilities & Unregulated Power,"Richmond, Virginia",,715957,44896889983,2432427,10,,,
,DOV,Dover Corp.,reports,Industrials,Industrial Machinery,"Downers Grove, Illinois",10/31/1985,29905,11581979986,2271811,6,,,
,DOW,Dow Chemical,reports,Materials,Diversified Chemicals,"Midland, Michigan",,29915,53223799993,9486862,8,,,
,DPS,Dr Pepper Snapple Group,reports,Consumer Staples,Soft Drinks,"Plano, Texas",,1418135,15022020022,1381338,2,,,
,DTE,DTE Energy Co.,reports,Utilities,Multi-Utilities & Unregulated Power,"Detroit, Michigan",,936340,15869039979,817433,10,,,
,DD,Du Pont (E.I.),reports,Materials,Diversified Chemicals,"Wilmington, Delaware",,30554,64512479985,3932450,8,,,
,DUK,Duke Energy,reports,Utilities,Electric Utilities,"Charlotte, North Carolina",6/30/1976,1326160,61633300012,3063855,10,,,
,DNB,Dun & Bradstreet,reports,Industrials,Data Processing Services,"Short Hills, New Jersey",,1115222,4133579978,241315,6,,,
,ETFC,E-Trade,reports,Financials,Diversified Financial Services,"New York, New York",,1015780,6841295993,3221366,4,,,
,EMN,Eastman Chemical,reports,Materials,Diversified Chemicals,"Kingsport, Tennessee",1/1/1994,915389,10529109989,1778038,8,,,
,ETN,Eaton Corporation,reports,Industrials,Industrial Conglomerates,"Dublin, Ireland",,1551182,30464574000,2809890,6,,,
,EBAY,eBay Inc.,reports,Information Technology,Internet Software & Services,"San Jose, California",,1065088,67038139998,9422873,7,,,
,ECL,Ecolab Inc.,reports,Materials,Specialty Chemicals,"St. Paul, Minnesota",1/31/1989,31462,31143089962,1723571,8,,,
,EIX,Edison Int'l,reports,Utilities,Multi-Utilities & Unregulated Power,"Rosemead, California",,827052,22204030029,2134108,10,,,
,EW,Edwards Lifesciences,reports,Health Care,Health Care Equipment & Services,"Irvine, California",,1099800,13409219943,826609,5,,,
,EA,Electronic Arts,reports,Information Technology,Application Software,"Redwood City, California",,712515,17204110016,4306737,7,,,
,EMC,EMC Corp.,reports,Information Technology,IT Consulting & Services,"Hopkinton, Massachusetts",,790070,52765179997,14573571,7,,,
,EMR,Emerson Electric,reports,Industrials,Industrial Conglomerates,"Ferguson, Missouri",3/31/1965,32604,39416580013,5471531,6,,,
,ENDP,Endo International,reports,Health Care,Pharmaceuticals,"Dublin, Ireland",,1100962,12562681600,3198492,5,,,
,ESV,Ensco plc,reports,Energy,Oil & Gas Drilling,"London, United Kingdom",7/30/2012,314808,6568598993,5559583,3,,,
,ETR,Entergy Corp.,reports,Utilities,Electric Utilities,"New Orleans, Louisiana",,65984,15793899959,1566002,10,,,
,EOG,EOG Resources,reports,Energy,Oil & Gas Exploration & Production,"Houston, Texas",,821189,48789280041,5403709,3,,,
,EQT,EQT Corporation,reports,Energy,Oil & Gas Exploration & Production,"Pittsburgh, Pennsylvania",,33213,11278109987,1480159,3,,,
,EFX,Equifax Inc.,reports,Financials,Diversified Financial Services,"Atlanta, Georgia",,33185,10184739987,524601,4,,,
,EQR,Equity Residential,reports,Financials,REITs,"Chicago, Illinois",,906107,28123010036,1798990,4,,,
,ESS,Essex Property Trust Inc,reports,Financials,Residential REITs,"Palo Alto, California",,920522,14454120038,382626,4,,,
,EL,Estee Lauder Cos.,reports,Consumer Staples,Personal Products,"New York, New York",,1001250,26796959976,1797748,2,,,
,EXC,Exelon Corp.,reports,Utilities,Multi-Utilities & Unregulated Power,"Chicago, Illinois",,1109357,30975110016,5868394,10,,,
,EXPE,Expedia Inc.,reports,Consumer Discretionary,"Hotels, Resorts & Cruise Lines","Bellevue, Washington",,1324424,10955259993,1816464,1,,,
,EXPD,Expeditors Int'l,reports,Industrials,Air Freight & Logistics,"Seattle, Washington",,746515,8602409017,1182471,6,,,
,ESRX,Express Scripts,reports,Health Care,Health Care Distributors & Services,"Cool Valley, Missouri",,1532063,60386114800,4218020,5,,,
,XOM,Exxon Mobil Corp.,reports,Energy,Integrated Oil & Gas,"Irving, Texas",,34088,370182500030,16473277,3,,,
,FFIV,F5 Networks,reports,Information Technology,Networking Equipment,"Seattle, Washington",,1048695,8283385032,1347012,7,,,
,FB,Facebook,reports,Information Technology,Internet Software & Services,"Menlo Park, California",,1326801,217452099979,25333899,7,,,
,FDO,Family Dollar Stores,reports,Consumer Discretionary,General Merchandise Stores,"Matthews, North Carolina",,34408,8709472992,2702348,1,,,
,FAST,Fastenal Co,reports,Industrials,Building Products,"Winona, Minnesota",,815556,13311089999,1875788,6,,,
,FDX,FedEx Corporation,reports,Industrials,Air Freight & Logistics,"Memphis, Tennessee",12/31/1980,1048911,47911000047,2051734,6,,,
,FIS,Fidelity National Information Services,reports,Information Technology,Internet Software & Services,"Jacksonville, Florida",,1136893,17714580011,887036,7,,,
,FITB,Fifth Third Bancorp,reports,Financials,Banks,"Cincinnati, Ohio",,35527,14387860004,10537606,4,,,
,FSLR,First Solar Inc,reports,Information Technology,Semiconductors,"Tempe, Arizona",,1274494,4244944980,2390149,7,,,
,FE,FirstEnergy Corp,reports,Utilities,Multi-Utilities & Unregulated Power,"Akron, Ohio",,1031296,16970559997,2971396,10,,,
,FISV,Fiserv Inc,reports,Information Technology,Internet Software & Services,"Brookfield, Wisconsin",,798354,18021770031,1152225,7,,,
,FLIR,FLIR Systems,reports,Industrials,Aerospace & Defense,"Wilsonville, Oregon",,354908,4299329005,700024,6,,,
,FLS,Flowserve Corporation,reports,Industrials,Industrial Machinery,"Irving, Texas",,30625,7410640010,1913300,6,,,
,FLR,Fluor Corp.,reports,Industrials,Diversified Commercial Services,"Irving, Texas",3/31/1980,1124198,8371859995,2206332,6,,,
,FMC,FMC Corporation,reports,Materials,Diversified Chemicals,"Philadelphia, Pennsylvania",,37785,7662853995,1049366,8,,,
,FTI,FMC Technologies Inc.,reports,Energy,Oil & Gas Equipment & Services,"Houston, Texas",,1135152,8764564989,3383365,3,,,
,F,Ford Motor,reports,Consumer Discretionary,Automobile Manufacturers,"Dearborn, Michigan",,37996,56614190006,27769112,1,,,
,FOSL,"Fossil, Inc.",reports,Consumer Discretionary,"Apparel, Accessories & Luxury Goods","Richardson, Texas",,883569,5107922031,807824,1,,,
,BEN,Franklin Resources,reports,Financials,Diversified Financial Services,"San Mateo, California",,38777,32078279999,2029986,4,,,
,FCX,Freeport-McMoran Cp & Gld,reports,Materials,Diversified Metals & Mining,"Phoenix, Arizona",,831259,17467580001,20063936,8,,,
,FTR,Frontier Communications,reports,Telecommunications Services,Integrated Telecommunications Services,"Stamford, Connecticut",,20520,6723962999,7865656,9,,,
,GME,GameStop Corp.,reports,Consumer Discretionary,Specialty Stores,"Grapevine, Texas",,1326380,3825169013,3527408,1,,,
,GCI,Gannett Co.,reports,Consumer Discretionary,Publishing,"McLean, Virginia",12/31/1975,39899,7003014989,1589904,1,,,
,GPS,Gap (The),reports,Consumer Discretionary,Apparel Retail,"San Francisco, California",8/31/1986,39911,17447100007,3284322,1,,,
,GRMN,Garmin Ltd.,reports,Consumer Discretionary,Consumer Electronics,"Schaffhausen, Switzerland",12/12/2012,1121788,10039420018,1323420,1,,,
,GD,General Dynamics,reports,Industrials,Aerospace & Defense,"Falls Church, Virginia",,40533,44247579993,1878734,6,,,
,GE,General Electric,reports,Industrials,Industrial Conglomerates,"Fairfield, Connecticut",,40545,239908000002,42668728,6,,,
,GGP,General Growth Properties Inc.,reports,Financials,REITs,"Chicago, Illinois",12/10/2013,895648,26682360002,3524046,4,,,
,GIS,General Mills,reports,Consumer Staples,Packaged Foods & Meats,"Golden Valley, Minnesota",3/31/1969,40704,31684680017,3277435,2,,,
,GM,General Motors,reports,Consumer Discretionary,Automobile Manufacturers,"Detroit, Michigan",6/6/2013,1467858,52410429991,15036730,1,,,
,GPC,Genuine Parts,reports,Consumer Discretionary,Specialty Stores,"Atlanta, Georgia",12/31/1973,40987,14206500027,935797,1,,,
,GNW,Genworth Financial Inc.,reports,Financials,Life & Health Insurance,"Richmond, Virginia",,1276520,3466686000,6511897,4,,,
,GILD,Gilead Sciences,reports,Health Care,Biotechnology,"Foster City, California",,882095,157172700027,19184187,5,,,
,GS,Goldman Sachs Group,reports,Financials,Diversified Financial Services,"New York, New York",,886982,75092410043,3013302,4,,,
,GT,Goodyear Tire & Rubber,reports,Consumer Discretionary,Tires & Rubber,"Akron, Ohio",,42582,6765220001,3975110,1,,,
,GOOGL,Google Inc Class A,reports,Information Technology,Internet Software & Services,"Mountain View, California",,1288776,347285500050,2537083,7,,,
,GOOG,Google Inc Class C,reports,Information Technology,Internet Software & Services,"Mountain View, California",,1288776,347285500236,2303791,7,,,
,GWW,Grainger (W.W.) Inc.,reports,Industrials,Industrial Materials,"Lake Forest, Illinois",6/30/1981,277135,15903169944,500237,6,,,
,HAL,Halliburton Co.,reports,Energy,Oil & Gas Equipment & Services,"Houston, Texas",,45012,33889940019,19108149,3,,,
,HOG,Harley-Davidson,reports,Consumer Discretionary,Motorcycle Manufacturers,"Milwaukee, Wisconsin",,793952,13220340021,1807372,1,,,
,HAR,Harman Int'l Industries,reports,Consumer Discretionary,Consumer Electronics,"Stamford, Connecticut",,800459,8896289975,789319,1,,,
,HRS,Harris Corporation,reports,Information Technology,Telecommunications Equipment,"Melbourne, Florida",,202058,7021242011,537311,7,,,
,HIG,Hartford Financial Svc.Gp.,reports,Financials,Property & Casualty Insurance,"Hartford, Connecticut",,874766,16784620000,3010178,4,,,
,HAS,Hasbro Inc.,reports,Consumer Discretionary,Leisure Products,"Pawtucket, Rhode Island",9/30/1984,46080,7009301023,1507631,1,,,
,HCA,HCA Holdings,reports,Health Care,Health Care Facilities,"Nashville, Tennessee",,860730,29769840002,5781952,5,,,
,HCP,HCP Inc.,reports,Financials,REITs,"Long Beach, California",,765880,21718570011,3310818,4,,,
,HCN,"Health Care REIT, Inc.",reports,Financials,REITs,"Toledo, Ohio[5]",,766704,26852890020,2324040,4,,,
,HP,Helmerich & Payne,reports,Energy,Oil & Gas Drilling,"Tulsa, Oklahoma[6]",,46765,6462849019,2523064,3,,,
,HES,Hess Corporation,reports,Energy,Integrated Oil & Gas,"New York, New York",5/31/1984,4447,20177389973,3633964,3,,,
,HPQ,Hewlett-Packard,reports,Information Technology,Computer Hardware,"Palo Alto, California",12/31/1974,47217,66265379994,10412268,7,,,
,HD,Home Depot,reports,Consumer Discretionary,Home Improvement Retail,"Cobb County, Georgia",3/31/1988,354950,137607500028,5399776,1,,,
,HON,Honeywell Int'l Inc.,reports,Industrials,Industrial Conglomerates,"Morristown, New Jersey",,773840,76527540022,3090487,6,,,
,HRL,Hormel Foods Corp.,reports,Consumer Staples,Packaged Foods & Meats,"Austin, Minnesota",,48465,13503540014,710465,2,,,
,HSP,Hospira Inc.,reports,Health Care,Health Care Equipment & Services,"Lake Forest, Illinois",,1274057,10732479994,921756,5,,,
,HST,Host Hotels & Resorts,reports,Financials,REITs,"Bethesda, Maryland",,1070750,17335020003,6012369,4,,,
,HCBK,Hudson City Bancorp,reports,Financials,Banks,"Paramus, New Jersey",,921847,4827623996,2707372,4,,,
,HUM,Humana Inc.,reports,Health Care,Managed Health Care,"Louisville, Kentucky",,49071,22454370013,1062626,5,,,
,HBAN,Huntington Bancshares,reports,Financials,Banks,"Columbus, Ohio",,49196,8179462996,10110319,4,,,
,ITW,Illinois Tool Works,reports,Industrials,Industrial Machinery,"Glenview, Illinois",2/28/1986,49826,36392009999,1808863,6,,,
,IR,Ingersoll-Rand PLC,reports,Industrials,Industrial Conglomerates,"Dublin, Ireland",,1466258,17627329983,1759553,6,,,
,TEG,Integrys Energy Group Inc.,reports,Utilities,Gas Utilities,"Chicago, Illinois",,916863,6485006964,317863,10,,,
,INTC,Intel Corp.,reports,Information Technology,Semiconductors,"Santa Clara, California",12/31/1976,50863,165405300011,31608193,7,,,
,ICE,Intercontinental Exchange,reports,Financials,Diversified Financial Services,"Atlanta, Georgia",,1571949,23187260004,933041,4,,,
,IBM,International Bus. Machines,reports,Information Technology,IT Consulting & Services,"Armonk, New York",,51143,151930200068,5387612,7,,,
,IP,International Paper,reports,Materials,Paper Products,"Memphis, Tennessee",,51434,22307500010,2792521,8,,,
,IPG,Interpublic Group,reports,Consumer Discretionary,Advertising,"New York, New York",10/1/1992,51644,8339487002,3424323,1,,,
,IFF,Intl Flavors & Fragrances,reports,Materials,Specialty Chemicals,"New York, New York",3/31/1976,51253,8591895995,465216,8,,,
,INTU,Intuit Inc.,reports,Information Technology,Internet Software & Services,"Mountain View, California",12/5/2000,896878,25254650023,1725603,7,,,
,ISRG,Intuitive Surgical Inc.,reports,Health Care,Health Care Equipment & Services,"Sunnyvale, California",,1035267,18306509907,276496,5,,,
,IVZ,Invesco Ltd.,reports,Financials,Diversified Financial Services,"Atlanta, Georgia",,914208,15824300012,3428325,4,,,
,IRM,Iron Mountain Incorporated,reports,Industrials,Data Processing Services,"Boston, Massachusetts",,1020569,8357666984,1508078,6,,,
,JEC,Jacobs Engineering Group,reports,Industrials,Industrial Conglomerates,"Pasadena, California",,52988,4974463017,1451713,6,,,
,JNJ,Johnson & Johnson,reports,Health Care,Health Care Equipment & Services,"New Brunswick, New Jersey",6/30/1973,200406,280302900028,9174335,5,,,
,JCI,Johnson Controls,reports,Consumer Discretionary,Auto Parts & Equipment,"Milwaukee, Wisconsin",5/31/1986,53669,30544729990,3224791,1,,,
,JOY,Joy Global Inc.,reports,Industrials,Industrial Machinery,"Milwaukee, Wisconsin",,801898,4083744010,1625119,6,,,
,JPM,JPMorgan Chase & Co.,reports,Financials,Banks,"New York, New York",6/30/1975,19617,203282700006,20051288,4,,,
,JNPR,Juniper Networks,reports,Information Technology,Networking Equipment,"Sunnyvale, California",,1043604,9832287990,4539403,7,,,
,KSU,Kansas City Southern,reports,Industrials,Railroads,"Kansas City, Missouri",5/24/2013,54480,12149569977,1176764,6,,,
,K,Kellogg Co.,reports,Consumer Staples,Packaged Foods & Meats,"Battle Creek, Michigan",,55067,23283120008,1675589,2,,,
,KEY,KeyCorp,reports,Financials,Banks,"Cleveland, Ohio",3/1/1994,91576,11163640006,10661453,4,,,
,GMCR,Keurig Green Mountain,reports,Consumer Staples,Packaged Foods & Meats,"Waterbury, Vermont",,909954,20740670039,1487927,2,,,
,KMB,Kimberly-Clark,reports,Consumer Staples,Household Products,"Irving, Texas",,55785,39437790041,1928028,2,,,
,KIM,Kimco Realty,reports,Financials,REITs,"New Hyde Park, New York",,879101,11375899987,3315336,4,,,
,KMI,Kinder Morgan,reports,Energy,Oil & Gas Refining & Marketing & Transportation,"Houston, Texas",5/24/2012,1506307,87237009992,14590495,3,,,
,KLAC,KLA-Tencor Corp.,reports,Information Technology,Semiconductor Equipment,"Milpitas, California",,319201,10311329982,1666232,7,,,
,KSS,Kohl's Corp.,reports,Consumer Discretionary,General Merchandise Stores,"Menomonee Falls, Wisconsin",,885639,12063979996,2496156,1,,,
,KRFT,Kraft Foods Group,reports,Consumer Staples,Packaged Foods & Meats,"Northfield, Illinois",10/2/2012,1545158,39015460027,3209310,2,,,
,KR,Kroger Co.,reports,Consumer Staples,Food Retail,"Cincinnati, Ohio",,56873,33925950007,3641611,2,,,
,LB,L Brands Inc.,reports,Consumer Discretionary,Apparel Retail,"Columbus, Ohio",9/30/1983,701985,24769720017,1841397,1,,,
,LLL,L-3 Communications Holdings,reports,Industrials,Industrial Conglomerates,"New York, New York",,1056239,10481599941,789839,6,,,
,LH,Laboratory Corp. of America Holding,reports,Health Care,Health Care Facilities,"Burlington, North Carolina",,920148,9698910012,1490451,5,,,
,LRCX,Lam Research,reports,Information Technology,Semiconductor Equipment,"Fremont, California",,707549,12696169964,1849254,7,,,
,LM,Legg Mason,reports,Financials,Diversified Financial Services,"Baltimore, Maryland",,704051,6326237010,977355,4,,,
,LEG,Leggett & Platt,reports,Industrials,Industrial Conglomerates,"Carthage, Missouri",,58492,5866957989,1305576,6,,,
,LEN,Lennar Corp.,reports,Consumer Discretionary,Homebuilding,"Miami, Florida",,920760,8932848984,4492323,1,,,
,LVLT,Level 3 Communications,reports,Telecommunications Services,Alternative Carriers,"Broomfield, Colorado",11/5/2014,794323,16710710005,2096934,9,,,
,LUK,Leucadia National Corp.,reports,Financials,Multi-Sector Holdings,"New York, New York",,96223,8352286002,1923054,4,,,
,LLY,Lilly (Eli) & Co.,reports,Health Care,Pharmaceuticals,"Indianapolis, Indiana",12/31/1970,59478,80166949992,4535326,5,,,
,LNC,Lincoln National,reports,Financials,Multi-line Insurance,"Radnor, Pennsylvania",6/30/1976,59558,12984289987,2188300,4,,,
,LLTC,Linear Technology Corp.,reports,Information Technology,Semiconductors,"Milpitas, California",,791907,10912819998,2277447,7,,,
,LMT,Lockheed Martin Corp.,reports,Industrials,Aerospace & Defense,"Bethesda, Maryland",7/31/1984,936468,59510820093,1207643,6,,,
,L,Loews Corp.,reports,Financials,Multi-Sector Holdings,"New York, New York",,60086,14314749998,1287261,4,,,
,LO,Lorillard Inc.,reports,Consumer Staples,Tobacco,"Greensboro, North Carolina",,1424847,23620939976,2193515,2,,,
,LOW,Lowe's Cos.,reports,Consumer Discretionary,Home Improvement Retail,"Mooresville, North Carolina",2/29/1984,60667,65924289966,5203004,1,,,
,LYB,LyondellBasell,reports,Materials,Diversified Chemicals,"Rotterdam, Netherlands",9/5/2012,1489393,39597829970,5285908,8,,,
,MTB,M&T Bank Corp.,reports,Financials,Banks,"Buffalo, New York",,36270,14977180030,798628,4,,,
,MAC,Macerich,reports,Financials,Retail REITs,"Santa Monica, California",5/9/2013,912242,13584919972,1005575,4,,,
,M,Macy's Inc.,reports,Consumer Discretionary,Department Stores,"Cincinnati, Ohio",,794367,22056920003,4130908,1,,,
,MNK,Mallinckrodt Plc,reports,Health Care,Pharmaceuticals,"Dublin, Ireland",8/19/2014,1567892,12324359980,1086303,5,,,
,MRO,Marathon Oil Corp.,reports,Energy,Oil & Gas Exploration & Production,"Houston, Texas",5/1/1991,101778,17952260005,8518082,3,,,
,MPC,Marathon Petroleum,reports,Energy,Oil & Gas Refining & Marketing & Transportation,"Findlay, Ohio",,1510295,25943049956,3457209,3,,,
,MAR,Marriott Int'l.,reports,Consumer Discretionary,"Hotels, Resorts & Cruise Lines","Bethesda, Maryland",,1048286,21849949966,1953190,1,,,
,MMC,Marsh & McLennan,reports,Financials,Insurance Brokers,"New York, New York",8/31/1987,62709,29084150017,1798651,4,,,
,MAS,Masco Corp.,reports,Industrials,Building Products,"Taylor, Michigan",6/30/1981,62996,8849503000,3735459,6,,,
,MA,Mastercard Inc.,reports,Information Technology,Internet Software & Services,"Harrison, New York",,1141391,94568699985,4593019,7,,,
,MAT,Mattel Inc.,reports,Consumer Discretionary,Leisure Products,"El Segundo, California",3/31/1982,63276,9114440011,6217950,1,,,
,MKC,McCormick & Co.,reports,Consumer Staples,Packaged Foods & Meats,"Sparks, Maryland",,63754,9157805035,746401,2,,,
,MCD,McDonald's Corp.,reports,Consumer Discretionary,Restaurants,"Oak Brook, Illinois",6/30/1970,63908,89962950001,7255304,1,,,
,MHFI,McGraw Hill Financial,reports,Financials,Diversified Financial Services,"New York, New York",,64040,24282960037,1420741,4,,,
,MCK,McKesson Corp.,reports,Health Care,Health Care Distributors & Services,"San Francisco, California",,927653,49309659952,927231,5,,,
,MJN,Mead Johnson,reports,Consumer Staples,Packaged Foods & Meats,"Glenview, Illinois",,1452575,19897939981,1169657,2,,,
,MWV,MeadWestvaco Corporation,reports,Materials,Paper Packaging,"Richmond, Virginia",,1159297,8382521003,1571588,8,,,
,MDT,Medtronic Inc.,reports,Health Care,Health Care Equipment & Services,"Fridley, Minnesota",10/31/1986,64670,101304199985,10286039,5,,,
,MRK,Merck & Co.,reports,Health Care,Pharmaceuticals,"Whitehouse Station, New Jersey",,310158,171850599982,10897666,5,,,
,MET,MetLife Inc.,reports,Financials,Life & Health Insurance,"New York, New York",,1099219,52825949978,8086643,4,,,
,KORS,Michael Kors Holdings,reports,Consumer Discretionary,"Apparel, Accessories & Luxury Goods","New York, New York",,1530721,14576429968,3755716,1,,,
,MCHP,Microchip Technology,reports,Information Technology,Semiconductors,"Chandler, Arizona",,827054,9214273982,1535941,7,,,
,MU,Micron Technology,reports,Information Technology,Semiconductors,"Boise, Idaho",9/27/1994,723125,32006979996,24717520,7,,,
,MSFT,Microsoft Corp.,reports,Information Technology,Systems Software,"Redmond, Washington",6/1/1994,789019,344641000017,38521013,7,,,
,MHK,Mohawk Industries,reports,Consumer Discretionary,Home Furnishings,"Amsterdam, New York",,851968,12030899926,870487,1,,,
,TAP,Molson Coors Brewing Company,reports,Consumer Staples,Brewers,"Denver, Colorado",6/30/1976,24545,14011549972,1119891,2,,,
,MDLZ,Mondelez International,reports,Consumer Staples,Packaged Foods & Meats,"Northfield, Illinois",10/2/2012,1103982,60040450003,8249149,2,,,
,MON,Monsanto Co.,reports,Materials,Fertilizers & Agricultural Chemicals,"Creve Coeur, Missouri",,1110783,57018069981,3065887,8,,,
,MNST,Monster Beverage,reports,Consumer Staples,Soft Drinks,"Corona, California",6/28/2012,865752,20254689962,1054523,2,,,
,MCO,Moody's Corp,reports,Financials,Diversified Financial Services,"New York, New York",,1059556,19051440026,1012583,4,,,
,MS,Morgan Stanley,reports,Financials,Diversified Financial Services,"New York, New York",,895421,67620000008,11244363,4,,,
,MOS,The Mosaic Company,reports,Materials,Fertilizers & Agricultural Chemicals,"Plymouth, Minnesota",,1285785,18079449977,3052067,8,,,
,MSI,Motorola Solutions Inc.,reports,Information Technology,Telecommunications Equipment,"Schaumburg, Illinois",,68505,15023480017,1545714,7,,,
,MUR,Murphy Oil,reports,Energy,Integrated Oil & Gas,"El Dorado, Arkansas",,717423,7971290004,2045277,3,,,
,MYL,Mylan Inc.,reports,Health Care,Pharmaceuticals,"Canonsburg, Pennsylvania",,69499,20542009996,3192900,5,,,
,NBR,Nabors Industries Ltd.,reports,Energy,Oil & Gas Drilling,"Hamilton, Bermuda",,1163739,3331443002,11781356,3,,,
,NDAQ,NASDAQ OMX Group,reports,Financials,Diversified Financial Services,"New York, New York",,1120193,7573446015,1026365,4,,,
,NOV,National Oilwell Varco Inc.,reports,Energy,Oil & Gas Equipment & Services,"Houston, Texas",,1021860,23436129997,5606534,3,,,
,NAVI,Navient,reports,Financials,Consumer Finance,"Newark, Delaware",,1084750,7999275008,2148434,4,,,
,NTAP,NetApp,reports,Information Technology,Internet Software & Services,"Sunnyvale, California",,1002047,11863030007,2447300,7,,,
,NFLX,Netflix Inc.,reports,Information Technology,Internet Software & Services,"Los Gatos, California",,1065280,26812550113,2549755,7,,,
,NWL,Newell Rubbermaid Co.,reports,Consumer Discretionary,Housewares & Specialties,"Sandy Springs, Georgia",4/30/1989,814453,9995457005,1882058,1,,,
,NFX,Newfield Exploration Co,reports,Energy,Oil & Gas Exploration & Production,"Houston, Texas",,912750,4086692996,4148738,3,,,
,NEM,Newmont Mining Corp. (Hldg. Co.),reports,Materials,Gold,"Denver, Colorado",6/30/1969,1164727,12544710005,11069038,8,,,
,NWSA,News Corporation,reports,Consumer Discretionary,Publishing,"New York, New York",,1564708,8566704994,3119773,1,,,
,NEE,NextEra Energy,reports,Utilities,Multi-Utilities & Unregulated Power,"Juno Beach, Florida",6/30/1976,753308,48555410018,2041258,10,,,
,NLSN,Nielsen Holdings,reports,Industrials,Research & Consulting Services,"New York, New York",7/8/2013,1492633,16599579999,2911518,6,,,
,NKE,NIKE Inc.,reports,Consumer Discretionary,"Apparel, Accessories & Luxury Goods","Washington County, Oregon",11/30/1988,320187,79698330038,3766062,1,,,
,NI,NiSource Inc.,reports,Utilities,Multi-Utilities & Unregulated Power,"Merrillville, Indiana",,1111711,13657170006,1810470,10,,,
,NE,Noble Corp,reports,Energy,Oil & Gas Drilling,"Geneva, Switzerland",,1458891,4016417700,8331315,3,,,
,NBL,Noble Energy Inc,reports,Energy,Oil & Gas Exploration & Production,"Houston, Texas",,72207,17275039991,3874544,3,,,
,JWN,Nordstrom,reports,Consumer Discretionary,Department Stores,"Seattle, Washington",8/31/1986,72333,14496680002,1132409,1,,,
,NSC,Norfolk Southern Corp.,reports,Industrials,Railroads,"Norfolk, Virginia",,702165,31431250001,2279112,6,,,
,NTRS,Northern Trust Corp.,reports,Financials,Diversified Financial Services,"Chicago, Illinois",,73124,15498329983,1194432,4,,,
,NOC,Northrop Grumman Corp.,reports,Industrials,Aerospace & Defense,"West Falls Church, Virginia",6/30/1985,1133421,31703789989,1688073,6,,,
,NU,Northeast Utilities,reports,Utilities,Multi-Utilities & Unregulated Power,"Berlin, Connecticut",,72741,17607710009,1674103,10,,,
,NRG,NRG Energy,reports,Utilities,Multi-Utilities & Unregulated Power,"Princeton, New Jersey",2010-01-28[7],1013871,8337759011,4345092,10,,,
,NUE,Nucor Corp.,reports,Materials,Steel,"Charlotte, North Carolina",4/30/1985,73309,13924350007,2557479,8,,,
,NVDA,Nvidia Corporation,reports,Information Technology,Semiconductors,"Santa Clara, California",,1045810,10751159995,4702566,7,,,
,ORLY,O'Reilly Automotive,reports,Consumer Discretionary,Specialty Stores,"Springfield, Missouri",,898173,19543339924,765181,1,,,
,OXY,Occidental Petroleum,reports,Energy,Oil & Gas Exploration & Production,"Los Angeles, California",12/31/1982,797468,62034250000,5939817,3,,,
,OMC,Omnicom Group,reports,Consumer Discretionary,Advertising,"New York, New York",,29989,18067480005,1369614,1,,,
,OKE,ONEOK,reports,Energy,Oil & Gas Exploration & Production,"Tulsa, Oklahoma",,1039684,9166960988,2664881,3,,,
,ORCL,Oracle Corp.,reports,Information Technology,Application Software,"Redwood Shores, California",8/31/1989,1341439,183954399991,16934787,7,,,
,OI,Owens-Illinois Inc,reports,Materials,Metal & Glass Containers,"Perrysburg, Ohio",,812074,3850643006,1400888,8,,,
,PCG,P G & E Corp.,reports,Utilities,Multi-Utilities & Unregulated Power,"San Francisco, California",,1004980,27939929990,3274531,10,,,
,PCAR,PACCAR Inc.,reports,Industrials,Construction & Farm Machinery & Heavy Trucks,"Bellevue, Washington",12/31/1980,75362,22680379995,2088761,6,,,
,PLL,Pall Corp.,reports,Industrials,Industrial Conglomerates,"Port Washington, New York",12/31/1987,75829,10308250000,629021,6,,,
,PH,Parker-Hannifin,reports,Industrials,Industrial Conglomerates,"Cleveland, Ohio",11/30/1985,76334,17311209957,1526995,6,,,
,PDCO,Patterson Companies,reports,Health Care,Health Care Supplies,"St. Paul, Minnesota",,891024,5256882002,716856,5,,,
,PAYX,Paychex Inc.,reports,Information Technology,Internet Software & Services,"Penfield, New York",,723531,16842770004,2354892,7,,,
,PNR,Pentair Ltd.,reports,Industrials,Industrial Conglomerates,"Schaffhausen, Switzerland",10/1/2012,77360,11650341800,1705858,6,,,
,PBCT,People's United Bank,reports,Financials,Banks,"Bridgeport, Connecticut",,1378946,4367009994,3443757,4,,,
,POM,Pepco Holdings Inc.,reports,Utilities,Multi-Utilities & Unregulated Power,Washington D.C,,1135971,6914850005,1158219,10,,,
,PEP,PepsiCo Inc.,reports,Consumer Staples,Soft Drinks,"Purchase, New York",,77476,140351700038,5052958,2,,,
,PKI,PerkinElmer,reports,Health Care,Health Care Equipment & Services,"Waltham, Massachusetts",5/31/1985,31791,5163518011,936752,5,,,
,PRGO,Perrigo,reports,Health Care,Pharmaceuticals,"Dublin, Ireland",12/16/2011,1585364,21542000000,879129,5,,,
,PETM,"PetSmart, Inc.",reports,Consumer Discretionary,Specialty Stores,"Phoenix, Arizona",10/10/2012,863157,8116450037,1808972,1,,,
,PFE,Pfizer Inc.,reports,Health Care,Pharmaceuticals,"New York, New York",,78003,196895500000,26523430,5,,,
,PM,Philip Morris International,reports,Consumer Staples,Tobacco,"New York, New York",,1413329,124670099996,5522199,2,,,
,PSX,Phillips 66,reports,Energy,Oil & Gas Refining & Marketing & Transportation,"Houston, Texas",4/30/2012,1534701,38923060009,5140703,3,,,
,PNW,Pinnacle West Capital,reports,Utilities,Multi-Utilities & Unregulated Power,"Phoenix, Arizona",,764622,7751382016,920328,10,,,
,PXD,Pioneer Natural Resources,reports,Energy,Oil & Gas Exploration & Production,"Irving, Texas",,1038357,22413599953,2313209,3,,,
,PBI,Pitney-Bowes,reports,Industrials,Office Services & Supplies,"Stamford, Connecticut",,78814,4819739988,1442004,6,,,
,PCL,Plum Creek Timber Co.,reports,Financials,REITs,"Seattle, Washington",,849213,7831067991,964810,4,,,
,PNC,PNC Financial Services,reports,Financials,Banks,"Pittsburgh, Pennsylvania",4/30/1988,713676,44214419972,3196333,4,,,
,RL,Polo Ralph Lauren Corp.,reports,Consumer Discretionary,"Apparel, Accessories & Luxury Goods","New York, New York",,1037038,14637080053,841884,1,,,
,PPG,PPG Industries,reports,Materials,Diversified Chemicals,"Pittsburgh, Pennsylvania",,79879,30586949951,773930,8,,,
,PPL,PPL Corp.,reports,Utilities,Multi-Utilities & Unregulated Power,"Allentown, Pennsylvania",,922224,23610060012,4394524,10,,,
,PX,Praxair Inc.,reports,Materials,Industrial Gases,"Danbury, Connecticut",7/1/1992,884905,35136610034,1189249,8,,,
,PCP,Precision Castparts,reports,Industrials,Industrial Conglomerates,"Portland, Oregon",,79958,28520789938,1824864,6,,,
,PCLN,Priceline.com Inc,reports,Consumer Discretionary,"Hotels, Resorts & Cruise Lines","Norwalk, Connecticut",,1075531,53127750280,804100,1,,,
,PFG,Principal Financial Group,reports,Financials,Diversified Financial Services,"Des Moines, Iowa",,1126328,13781800002,1309554,4,,,
,PG,Procter & Gamble,reports,Consumer Staples,Personal Products,"Cincinnati, Ohio",,80424,227625999981,7613665,2,,,
,PGR,Progressive Corp.,reports,Financials,Property & Casualty Insurance,"Mayfield Village, Ohio",,80661,15253410007,3324473,4,,,
,PLD,Prologis,reports,Financials,Diversified Financial Services,"San Francisco, California",,1045609,22569499995,3097347,4,,,
,PRU,Prudential Financial,reports,Financials,Diversified Financial Services,"Newark, New Jersey",,1137774,34753040032,2643457,4,,,
,PEG,Public Serv. Enterprise Inc.,reports,Utilities,Multi-Utilities & Unregulated Power,"Newark, New Jersey",,788784,21597940021,3158252,10,,,
,PSA,Public Storage,reports,Financials,REITs,"Glendale, California",,1393311,34690219918,578688,4,,,
,PHM,Pulte Homes Inc.,reports,Consumer Discretionary,Homebuilding,"Atlanta, Georgia",4/30/1984,822416,7634103993,6352824,1,,,
,PVH,PVH Corp.,reports,Consumer Discretionary,"Apparel, Accessories & Luxury Goods","New York, New York",2/15/2013,78239,9091032000,964306,1,,,
,QEP,QEP Resources,reports,Energy,Oil & Gas Exploration & Production,"Denver, Colorado[8]",,1108827,3642615002,3858603,3,,,
,PWR,Quanta Services Inc.,reports,Industrials,Industrial Conglomerates,"Houston, Texas",,1050915,5718720001,2611071,6,,,
,QCOM,QUALCOMM Inc.,reports,Information Technology,Semiconductors,"San Diego, California",,804328,105060499991,11363325,7,,,
,DGX,Quest Diagnostics,reports,Health Care,Health Care Facilities,"Madison, New Jersey",,1022079,10272050027,1458369,5,,,
,RRC,Range Resources Corp.,reports,Energy,Oil & Gas Exploration & Production,"Fort Worth, Texas",,315852,7805789980,3486036,3,,,
,RTN,Raytheon Co.,reports,Industrials,Aerospace & Defense,"Waltham, Massachusetts",,1047122,30852220041,1747297,6,,,
,RHT,Red Hat Inc.,reports,Information Technology,Systems Software,"Raleigh, North Carolina",,1087423,11700009975,2024298,7,,,
,REGN,Regeneron,reports,Health Care,Biotechnology,"Tarrytown, New York",5/1/2013,872589,42154490055,869912,5,,,
,RF,Regions Financial Corp.,reports,Financials,Diversified Financial Services,"Birmingham, Alabama",,1281761,11779800003,18973918,4,,,
,RSG,Republic Services Inc,reports,Industrials,Industrial Conglomerates,"Phoenix, Arizona",,1060391,14107790009,1498867,6,,,
,RAI,Reynolds American Inc.,reports,Consumer Staples,Tobacco,"Winston-Salem, North Carolina",,1275283,36100710029,2012183,2,,,
,RHI,Robert Half International,reports,Industrials,Industrial Conglomerates,"Menlo Park, California",,315213,7893718996,692242,6,,,
,ROK,Rockwell Automation Inc.,reports,Industrials,Industrial Conglomerates,"Milwaukee, Wisconsin",,1024478,14774009956,1315441,6,,,
,COL,Rockwell Collins,reports,Industrials,Industrial Conglomerates,"Cedar Rapids, Iowa",,1137411,11326440017,1046005,6,,,
,ROP,Roper Industries,reports,Industrials,Industrial Conglomerates,"Sarasota, Florida",,882835,15758970059,459972,6,,,
,ROST,Ross Stores,reports,Consumer Discretionary,Apparel Retail,"Pleasanton, California",,745732,19520579964,1355743,1,,,
,RCL,Royal Caribbean Cruises Ltd,reports,Consumer Discretionary,"Hotel, Resorts and Cruise Lines","Miami, Florida",12/5/2014,884887,16822970006,2306076,1,,,
,R,Ryder System,reports,Industrials,Industrial Conglomerates,"Miami, Florida",12/31/1982,85961,4391148036,517322,6,,,
,CRM,Salesforce.com,reports,Information Technology,Internet Software & Services,"San Francisco, California",,1108524,35619949973,4609716,7,,,
,SNDK,SanDisk Corporation,reports,Information Technology,Computer Storage & Peripherals,"Milpitas, California",,1000180,17093659966,4921960,7,,,
,SCG,SCANA Corp,reports,Utilities,Multi-Utilities & Unregulated Power,"Cayce, South Carolina",,754737,9090427021,871049,10,,,
,SLB,Schlumberger Ltd.,reports,Energy,Oil & Gas Equipment & Services,"Houston, Texas",3/31/1965,87347,105072999969,9627832,3,,,
,SNI,Scripps Networks Interactive Inc.,reports,Consumer Discretionary,Broadcasting & Cable TV,"Cincinnati, Ohio",,1430602,9747293000,952305,1,,,
,STX,Seagate Technology,reports,Information Technology,Computer Storage & Peripherals,"Dublin, Ireland",6/29/2012,1137789,19312299977,3230531,7,,,
,SEE,Sealed Air Corp.(New),reports,Materials,Paper Packaging,"Elmwood Park, New Jersey",,1012100,8551884015,2313276,8,,,
,SRE,Sempra Energy,reports,Utilities,Multi-Utilities & Unregulated Power,"San Diego, California",,1032208,27556750006,919187,10,,,
,SHW,Sherwin-Williams,reports,Materials,Specialty Chemicals,"Cleveland, Ohio",6/30/1964,89800,26041289870,630996,8,,,
,SIAL,Sigma-Aldrich,reports,Materials,Diversified Chemicals,"St. Louis, Missouri",9/1/1994,90185,16393569932,576559,8,,,
,SPG,Simon Property Group Inc,reports,Financials,REITs,"Indianapolis, Indiana",,1063761,62443309994,1402882,4,,,
,SJM,Smucker (J.M.),reports,Consumer Staples,Packaged Foods & Meats,"Orrville, Ohio",,91419,10502429998,499750,2,,,
,SNA,Snap-On Inc.,reports,Consumer Discretionary,Household Appliances,"Kenosha, Wisconsin",9/30/1982,91440,7711459986,279073,1,,,
,SO,Southern Co.,reports,Utilities,Multi-Utilities & Unregulated Power,"Atlanta, Georgia",,92122,45638500025,5083743,10,,,
,LUV,Southwest Airlines,reports,Industrials,Airlines,"Dallas, Texas",7/1/1994,92380,30665669985,8531558,6,,,
,SWN,Southwestern Energy,reports,Energy,Oil & Gas Exploration & Production,"Houston, Texas[9]",,7332,9531490991,14689135,3,,,
,SE,Spectra Energy Corp.,reports,Energy,Oil & Gas Refining & Marketing & Transportation,"Houston, Texas",,1373835,22438250013,6271635,3,,,
,STJ,St Jude Medical,reports,Health Care,Health Care Equipment & Services,"Little Canada, Minnesota",11/30/1989,203077,18904689998,2167603,5,,,
,SWK,Stanley Black & Decker,reports,Consumer Discretionary,Household Appliances,"New Britain, Connecticut",9/30/1982,93556,14670479986,1240658,1,,,
,SPLS,Staples Inc.,reports,Consumer Discretionary,Specialty Stores,"Framingham, Massachusetts",,791519,10937409995,10112850,1,,,
,SBUX,Starbucks Corp.,reports,Consumer Discretionary,Restaurants,"Seattle, Washington",,829224,66769690038,5950391,1,,,
,HOT,Starwood Hotels & Resorts,reports,Consumer Discretionary,"Hotels, Resorts & Cruise Lines","White Plains, New York",,316206,12852070029,2241337,1,,,
,STT,State Street Corp.,reports,Financials,Diversified Financial Services,"Boston, Massachusetts",,93751,29855090009,2516316,4,,,
,SRCL,Stericycle Inc,reports,Industrials,Industrial Conglomerates,"Lake Forest, Illinois",,861878,11322969980,378198,6,,,
,SYK,Stryker Corp.,reports,Health Care,Health Care Equipment & Services,"Kalamazoo, Michigan",,310764,34446080039,1397363,5,,,
,STI,SunTrust Banks,reports,Financials,Banks,"Atlanta, Georgia",5/31/1988,750556,20152829989,4085733,4,,,
,SYMC,Symantec Corp.,reports,Information Technology,Application Software,"Mountain View, California",,849399,17667770010,3632585,7,,,
,SYY,Sysco Corp.,reports,Consumer Staples,Food Distributors,"Houston, Texas",12/31/1986,96021,23027409994,3855815,2,,,
,TROW,T. Rowe Price Group,reports,Financials,Diversified Financial Services,"Baltimore, Maryland",,1113169,20540960014,1437664,4,,,
,TGT,Target Corp.,reports,Consumer Discretionary,General Merchandise Stores,"Minneapolis, Minnesota",12/31/1976,27419,46886950020,5067535,1,,,
,TEL,TE Connectivity Ltd.,reports,Information Technology,Electronic Equipment & Instruments,"Schaffhausen, Switzerland",,1385157,26968999992,1652296,7,,,
,TE,TECO Energy,reports,Utilities,Multi-Utilities & Unregulated Power,"Tampa, Florida",,350563,5005986997,2327987,10,,,
,THC,Tenet Healthcare Corp.,reports,Health Care,Health Care Facilities,"Dallas, Texas",3/31/1979,70318,4155285003,1873635,5,,,
,TDC,Teradata Corp.,reports,Information Technology,Application Software,"Miamisburg, Ohio",,816761,6817679987,1696760,7,,,
,TSO,Tesoro Petroleum Co.,reports,Energy,Oil & Gas Refining & Marketing & Transportation,"San Antonio, Texas",,50104,10318030019,3415698,3,,,
,TXN,Texas Instruments,reports,Information Technology,Semiconductors,"Dallas, Texas",,97476,57747919974,5342215,7,,,
,TXT,Textron Inc.,reports,Industrials,Industrial Conglomerates,"Providence, Rhode Island",12/31/1978,217346,11748639988,2006121,6,,,
,HSY,The Hershey Company,reports,Consumer Staples,Packaged Foods & Meats,"Hershey, Pennsylvania",,47111,22215599950,1327814,2,,,
,TRV,The Travelers Companies Inc.,reports,Financials,Property & Casualty Insurance,"New York, New York",,86312,33128609968,1855867,4,,,
,TMO,Thermo Fisher Scientific,reports,Health Care,Health Care Equipment & Services,"Waltham, Massachusetts",,97745,50087189985,1982324,5,,,
,TIF,Tiffany & Co.,reports,Consumer Discretionary,"Apparel, Accessories & Luxury Goods","New York, New York",,98246,11207219998,1674792,1,,,
,TWX,Time Warner Inc.,reports,Consumer Discretionary,Broadcasting & Cable TV,"New York, New York",,1105705,65343229978,4362798,1,,,
,TWC,Time Warner Cable Inc.,reports,Consumer Discretionary,Broadcasting & Cable TV,"New York, New York",,1377013,38183710031,1836438,1,,,
,TJX,TJX Companies Inc.,reports,Consumer Discretionary,Apparel Retail,"Framingham, Massachusetts",9/30/1985,109198,45426089970,3167566,1,,,
,TMK,Torchmark Corp.,reports,Financials,Life & Health Insurance,"McKinney, Texas",4/30/1989,320335,6441162982,640287,4,,,
,TSS,Total System Services,reports,Information Technology,Internet Software & Services,"Columbus, Georgia",,721683,6575207994,781025,7,,,
,TSCO,Tractor Supply Company,reports,Consumer Discretionary,Specialty Retail,"Brentwood, Tennessee",,916365,11322350041,1104086,1,,,
,RIG,Transocean,reports,Energy,Oil & Gas Drilling,"Vernier, Switzerland",10/28/2013,1451505,5697666005,14949560,3,,,
,TRIP,TripAdvisor,reports,Consumer Discretionary,Internet Retail,"Newton, Massachusetts",,1526520,9718851010,1783741,1,,,
,FOXA,Twenty-First Century Fox,reports,Consumer Discretionary,Publishing,"New York, New York",7/1/2013,1308161,71969450001,10505949,1,,,
,TSN,Tyson Foods,reports,Consumer Staples,Packaged Foods & Meats,"Springdale, Arkansas",,100493,14647970008,4479649,2,,,
,TYC,Tyco International,reports,Industrials,Industrial Conglomerates,"Schaffhausen, Switzerland",,833444,17514487800,2360886,6,,,
,USB,U.S. Bancorp,reports,Financials,Banks,"Minneapolis, Minnesota",,36104,74851260021,7413375,4,,,
,UA,Under Armour,reports,Consumer Discretionary,"Apparel, Accessories & Luxury Goods","Baltimore, Maryland",,1336917,15403280007,2195284,1,,,
,UNP,Union Pacific,reports,Industrials,Railroads,"Omaha, Nebraska",,100885,104211300009,4292124,6,,,
,UNH,United Health Group Inc.,reports,Health Care,Managed Health Care,"Minnetonka, Minnesota",7/1/1994,731766,101977800019,4443363,5,,,
,UPS,United Parcel Service,reports,Industrials,Air Freight & Logistics,"Atlanta, Georgia",,1090727,89472570009,4027938,6,,,
,MLM,Martin Marietta Materials,reports,Materials,Construction Materials,"Raleigh, North Carolina",7/2/2014,916076,7247676013,714922,8,,,
,URI,"United Rentals, Inc.",reports,Industrials,Trading Companies & Distributors,"Stamford, Connecticut",9/20/2014,1215583,7996733965,3325730,6,,,
,UTX,United Technologies,reports,Industrials,Industrial Conglomerates,"Hartford, Connecticut",,101829,104640099995,4386096,6,,,
,UHS,"Universal Health Services, Inc.",reports,Health Care,Health Care Facilities,"King of Prussia, Pennsylvania",9/20/2014,352915,10150930034,844565,5,,,
,UNM,Unum Group,reports,Financials,Diversified Financial Services,"Chattanooga, Tennessee",3/1/1994,5513,7826864987,1796502,4,,,
,URBN,Urban Outfitters,reports,Consumer Discretionary,Apparel Retail,"Philadelphia, Pennsylvania",,912615,4658867013,1928199,1,,,
,VFC,V.F. Corp.,reports,Consumer Discretionary,"Apparel, Accessories & Luxury Goods","Greensboro, North Carolina",6/30/1979,103379,29958980001,2063095,1,,,
,VLO,Valero Energy,reports,Energy,Oil & Gas Refining & Marketing & Transportation,"San Antonio, Texas",,1035002,27563440017,8578386,3,,,
,VAR,Varian Medical Systems,reports,Health Care,Health Care Equipment & Services,"Palo Alto, California",,203527,9273122985,715243,5,,,
,VTR,Ventas Inc,reports,Financials,Diversified Financial Services,"Chicago, Illinois",,740260,26393170024,3013081,4,,,
,VRSN,Verisign Inc.,reports,Information Technology,Internet Software & Services,"Dulles, Virginia",,1014473,6622418004,930781,7,,,
,VZ,Verizon Communications,reports,Telecommunications Services,Integrated Telecommunications Services,"New York, New York",11/30/1983,732712,189924999983,17541156,9,,,
,VRTX,Vertex Pharmaceuticals Inc,reports,Health Care,Biotechnology,"Cambridge, Massachusetts",9/20/2013,875320,27453159990,1771530,5,,,
,VIAB,Viacom Inc.,reports,Consumer Discretionary,Broadcasting & Cable TV,"New York, New York",,1339947,27720730011,3555245,1,,,
,V,Visa Inc.,reports,Information Technology,Internet Software & Services,"San Francisco, California",,1403161,157021400097,2394170,7,,,
,VNO,Vornado Realty Trust,reports,Financials,REITs,"New York, New York",,899689,20757490020,837877,4,,,
,VMC,Vulcan Materials,reports,Materials,Construction Materials,"Birmingham, Alabama",,1396009,9286384029,975860,8,,,
,WMT,Wal-Mart Stores,reports,Consumer Staples,Hypermarkets & Super Centers,"Bentonville, Arkansas",8/31/1982,104169,273906699994,7011100,2,,,
,WBA,Walgreens Boots Alliance,reports,Consumer Staples,Drug Retail,"Deerfield, Illinois",12/31/1979,104207,81279435800,4480495,2,,,
,DIS,The Walt Disney Company,reports,Consumer Discretionary,Broadcasting & Cable TV,"Burbank, California",6/30/1976,1001039,154174899980,6500450,1,,,
,WM,Waste Management Inc.,reports,Industrials,Environmental Services,"Houston, Texas",,823768,23550879998,2139489,6,,,
,WAT,Waters Corporation,reports,Health Care,Health Care Distributors & Services,"Milford, Massachusetts",,1000697,9914066984,440821,5,,,
,ANTM,Anthem Inc.,reports,Health Care,Managed Health Care,"Indianapolis, Indiana",,1156039,36431290052,1680008,5,,,
,WFC,Wells Fargo,reports,Financials,Banks,"San Francisco, California",6/30/1976,72971,268442000021,17985604,4,,,
,WDC,Western Digital,reports,Information Technology,Computer Storage & Peripherals,"Irvine, California",,106040,23466240015,2168907,7,,,
,WU,Western Union Co,reports,Information Technology,Internet Software & Services,"Englewood, Colorado",,1365135,8884660003,4689368,7,,,
,WY,Weyerhaeuser Corp.,reports,Financials,REITs,"Federal Way, Washington",,106535,18798429994,3121298,4,,,
,WHR,Whirlpool Corp.,reports,Consumer Discretionary,Household Appliances,"Benton Harbor, Michigan",,106640,15502560017,932537,1,,,
,WFM,Whole Foods Market,reports,Consumer Staples,Food Retail,"Austin, Texas",,865436,19066599992,3881100,2,,,
,WMB,Williams Cos.,reports,Energy,Oil & Gas Exploration & Production,"Tulsa, Oklahoma",3/31/1975,107263,32783710004,8412243,3,,,
,WIN,Windstream Communications,reports,Telecommunications Services,Integrated Telecommunications Services,"Little Rock, Arkansas",,1282266,4901316800,7456957,9,,,
,WEC,Wisconsin Energy Corporation,reports,Utilities,Multi-Utilities & Unregulated Power,"Milwaukee, Wisconsin",,783325,12577099980,1610963,10,,,
,WYN,Wyndham Worldwide,reports,Consumer Discretionary,"Hotels, Resorts & Cruise Lines","Parsippany, New Jersey",,1361658,10328190041,804003,1,,,
,WYNN,Wynn Resorts Ltd,reports,Consumer Discretionary,Casinos & Gaming,"Las Vegas, Nevada",,1174922,15503480004,1782850,1,,,
,XEL,Xcel Energy Inc,reports,Utilities,Multi-Utilities & Unregulated Power,"Minneapolis, Minnesota",,72903,18978390009,2712114,10,,,
,XRX,Xerox Corp.,reports,Information Technology,IT Consulting & Services,"Norwalk, Connecticut",,108772,15034289999,6034345,7,,,
,XLNX,Xilinx Inc,reports,Information Technology,Semiconductors,"San Jose, California",,743988,10311110009,4436984,7,,,
,XL,XL Capital,reports,Financials,Property & Casualty Insurance,"Hamilton, Bermuda",,875159,8900270994,3533938,4,,,
,XYL,Xylem Inc.,reports,Industrials,Industrial Conglomerates,"White Plains, New York",,1524472,6201920991,854146,6,,,
,YHOO,Yahoo Inc.,reports,Information Technology,Internet Software & Services,"Sunnyvale, California",,1011006,41427679979,19809670,7,,,
,YUM,Yum! Brands Inc,reports,Consumer Discretionary,Restaurants,"Louisville, Kentucky",,1041061,31621979990,3149640,1,,,
,ZMH,Zimmer Holdings,reports,Health Care,Health Care Equipment & Services,"Warsaw, Indiana",,1136869,18984560049,1151547,5,,,
,ZION,Zions Bancorp,reports,Financials,Banks,"Salt Lake City, Utah",,109380,4922095999,3089175,4,,,
,ZTS,Zoetis,reports,Health Care,Pharmaceuticals,"Florham Park, New Jersey",,1555280,21421610013,3100505,5,,,